digit,probability,predicted_digit
0,2.6830676e-05,8
1,2.2995084e-05,8
2,5.004157e-05,8
3,2.4004026e-05,8
4,4.791355e-06,8
5,4.654946e-06,8
6,4.3193402e-05,8
7,7.4280877e-07,8
8,0.9992793,8
9,0.0005434425,8
