train_accuracy,test_accuracy
0.9833333333333333,0.9333333333333333
